backbone,dataset,input_policy,mean_genes,accuracy,macro_f1,balanced_accuracy,stochastic_std_note
scGPT,Kang,Native Bucketed,564.1,0.9481,0.8406,0.8368,±0.0014/0.0023/0.0037
scGPT,Kang,Matched Random,391.9,0.9352,0.8314,0.8263,±0.0010/0.0154/0.0192
scGPT,Kang,Top-Expression,391.9,0.9434,0.8339,0.8318,deterministic
scGPT,Kang,AdaGeneBudget,405.8,0.9493,0.8538,0.8685,deterministic
scGPT,PBMC,Native Bucketed,1184.7,0.9169,0.8741,0.8588,±0.0017/0.0030/0.0033
scGPT,PBMC,Matched Random,598.3,0.8843,0.8345,0.8198,±0.0018/0.0027/0.0024
scGPT,PBMC,Top-Expression,598.3,0.9244,0.8861,0.8681,deterministic
scGPT,PBMC,AdaGeneBudget,596.3,0.9338,0.8932,0.8771,deterministic
Geneformer,Kang,Native Bucketed,558.3,0.8804,0.6614,0.6577,deterministic
Geneformer,Kang,Native Rank,390.3,0.8617,0.7012,0.6753,deterministic
Geneformer,Kang,Matched Random,390.3,0.837,0.5905,0.5821,±0.0025/0.0049/0.0079
Geneformer,Kang,Top-Expression,390.3,0.8729,0.7091,0.691,deterministic
Geneformer,Kang,AdaGeneBudget,404.2,0.8857,0.7709,0.7563,deterministic
Geneformer,PBMC,Native Bucketed,1927.5,0.8408,0.7685,0.7712,deterministic
Geneformer,PBMC,Native Rank,598.2,0.8239,0.7557,0.7585,deterministic
Geneformer,PBMC,Matched Random,598.2,0.7352,0.6198,0.6161,±0.0015/0.0037/0.0036
Geneformer,PBMC,Top-Expression,598.2,0.8299,0.7596,0.7606,deterministic
Geneformer,PBMC,AdaGeneBudget,596.1,0.8434,0.7727,0.7758,deterministic
